transform,video_id,spread,w2_barycenter,w2_mean,gap_pct,bary_wins
Linear normalize,video_01,1.5995736842105261,0.9402000000000001,0.9278000000000001,-1.33649493425308,False
Linear normalize,video_02,1.0878473684210526,0.6542,0.661,1.028744326777614,True
Linear normalize,video_03,1.3211684210526315,0.835,0.8390000000000001,0.4767580452920279,True
Linear normalize,video_04,1.247457894736842,0.8724000000000001,0.8618,-1.2299837549315449,False
Linear normalize,video_05,1.057121052631579,0.4784,0.4748,-0.7582139848357187,False
Linear normalize,video_06,0.9647789473684211,0.766,0.774,1.0335917312661507,True
Linear normalize,video_07,1.4612000000000003,1.2946,1.3076,0.9941878250229521,True
Linear normalize,video_08,1.565721052631579,0.5192,0.504,-3.015873015873014,False
Linear normalize,video_09,1.4601105263157894,0.4838,0.48419999999999996,0.08261049153241552,True
Linear normalize,video_10,1.3242263157894736,0.744,0.7489999999999999,0.6675567423230834,True
Linear normalize,video_11,1.2769052631578948,0.7684000000000001,0.7668,-0.20865936358894702,False
Linear normalize,video_12,1.637968421052632,1.2188,1.2322,1.0874857977600922,True
Linear normalize,video_13,1.4320526315789475,1.1008,1.1134,1.131668762349555,True
Linear normalize,video_14,1.5888736842105262,1.3592,1.3399999999999999,-1.4328358208955305,False
Linear normalize,video_15,1.4550105263157895,1.182,1.1796,-0.20345879959307883,False
Linear normalize,video_16,1.4688,0.8396000000000001,0.8423999999999999,0.33238366571697564,True
Linear normalize,video_17,1.2536684210526317,1.1030000000000002,1.098,-0.4553734061930888,False
Linear normalize,video_18,1.2701631578947368,0.9339999999999999,0.9278000000000001,-0.668247467126522,False
Linear normalize,video_19,1.782742105263158,0.9625999999999999,0.9810000000000001,1.8756371049949228,True
Linear normalize,video_20,1.3964052631578947,0.8884000000000001,0.9059999999999999,1.9426048565121237,True
Linear normalize,video_21,1.300421052631579,0.8184000000000001,0.8172,-0.14684287812042215,False
Linear normalize,video_22,1.3561947368421055,0.6144000000000001,0.6372000000000001,3.578154425612059,True
Linear normalize,video_23,0.989778947368421,0.7946,0.7832000000000001,-1.4555669050050886,False
Linear normalize,video_24,0.9679421052631578,0.6898,0.6854,-0.6419608987452523,False
Linear normalize,video_25,1.6996736842105262,0.5972,0.6155999999999999,2.9889538661468444,True
Linear normalize,video_26,2.275778947368421,1.4871999999999999,1.4788000000000001,-0.5680281309169422,False
Linear normalize,video_27,1.8137263157894734,1.3841999999999999,1.4056000000000002,1.5224815025612055,True
Linear normalize,video_28,1.0798315789473683,1.0592000000000001,1.0501999999999998,-0.8569796229289985,False
Linear normalize,video_29,0.9088421052631579,0.6262,0.6245999999999999,-0.2561639449247592,False
Linear normalize,video_30,2.131805263157895,1.361,1.3878,1.9311139933707981,True
Linear normalize,video_31,1.1790842105263157,0.6428,0.6494,1.0163227594702708,True
Linear normalize,video_32,1.327721052631579,0.6278,0.6566000000000001,4.386232104782218,True
Linear normalize,video_33,1.3039684210526317,0.9328,0.9421999999999999,0.9976650392697903,True
Linear normalize,video_34,1.5654105263157894,1.5666,1.5774000000000001,0.6846709775580159,True
Linear normalize,video_35,1.4649368421052629,1.0124,1.0074,-0.4963271788763047,False
Linear normalize,video_36,2.202573684210526,2.352,2.372,0.8431703204047225,True
Linear normalize,video_37,1.4428789473684214,1.1218,1.0942,-2.5223907877901524,False
Linear normalize,video_38,1.6109684210526314,1.1066,1.1156000000000001,0.8067407673001181,True
Linear normalize,video_39,1.266115789473684,1.1362,1.1434,0.6297008920762527,True
Linear normalize,video_40,1.400894736842105,0.5692,0.5624,-1.209103840682793,False
Linear normalize,video_41,1.3683894736842104,0.8648,0.8654,0.06933210076264548,True
Linear normalize,video_42,1.4107052631578947,0.6656,0.6632,-0.3618817852834677,False
Linear normalize,video_43,1.385857894736842,0.5204,0.5016,-3.7480063795853122,False
Linear normalize,video_44,1.2290789473684212,0.563,0.5404,-4.182087342709096,False
Linear normalize,video_45,1.6986421052631577,0.8022,0.8058,0.4467609828741545,True
Linear normalize,video_46,1.272278947368421,0.6062000000000001,0.6068,0.09887936717203921,True
Linear normalize,video_47,1.2968842105263156,0.5646000000000001,0.5548,-1.766402307137733,False
Linear normalize,video_48,1.4247894736842108,0.8754000000000002,0.8816,0.7032667876587877,True
Linear normalize,video_49,1.1999526315789473,0.472,0.4704,-0.34013605442176664,False
Linear normalize,video_50,1.2744157894736843,0.6866000000000001,0.6844,-0.3214494447691541,False
Softmax tau=0.5,video_01,65.34797894736843,22.7674,24.6868,7.77500526597211,True
Softmax tau=0.5,video_02,58.693726315789476,33.267399999999995,40.422399999999996,17.700581855604817,True
Softmax tau=0.5,video_03,53.4296947368421,32.2734,39.5308,18.35884930231616,True
Softmax tau=0.5,video_04,67.43947894736843,42.0732,49.757999999999996,15.444350657180747,True
Softmax tau=0.5,video_05,76.88322631578947,36.2226,46.097,21.420916762479123,True
Softmax tau=0.5,video_06,75.47814736842105,50.764799999999994,63.3818,19.90634535466018,True
Softmax tau=0.5,video_07,67.89732631578947,42.0062,53.2654,21.1379244312443,True
Softmax tau=0.5,video_08,75.46386842105264,27.812400000000004,33.483,16.935758444583797,True
Softmax tau=0.5,video_09,81.61557368421053,25.388,25.8832,1.9132101131235588,True
Softmax tau=0.5,video_10,62.90666842105263,35.459,41.4248,14.401517931287525,True
Softmax tau=0.5,video_11,47.954757894736844,19.454,24.174199999999995,19.525775413457303,True
Softmax tau=0.5,video_12,78.53756315789474,37.0698,47.6394,22.186677414073223,True
Softmax tau=0.5,video_13,63.64114210526315,52.066599999999994,61.153200000000005,14.858748193062686,True
Softmax tau=0.5,video_14,84.37985263157896,52.009800000000006,64.938,19.908528134528314,True
Softmax tau=0.5,video_15,72.71134210526316,45.629599999999996,50.838800000000006,10.246504638189748,True
Softmax tau=0.5,video_16,67.68522105263158,37.18920000000001,46.138799999999996,19.397123462248672,True
Softmax tau=0.5,video_17,75.47464210526316,36.2692,46.8294,22.550363660435544,True
Softmax tau=0.5,video_18,61.134800000000006,25.825200000000002,32.59439999999999,20.767984684485654,True
Softmax tau=0.5,video_19,75.33608421052631,25.2414,28.4848,11.38642363646577,True
Softmax tau=0.5,video_20,65.60382631578946,52.904999999999994,58.76959999999999,9.978968718521134,True
Softmax tau=0.5,video_21,86.6526210526316,40.29600000000001,51.2302,21.343270180479475,True
Softmax tau=0.5,video_22,64.62074210526316,39.616,48.307,17.991181402281246,True
Softmax tau=0.5,video_23,75.24792105263158,41.8082,54.242200000000004,22.92311152571246,True
Softmax tau=0.5,video_24,69.43421578947368,25.7272,30.5736,15.85158437344637,True
Softmax tau=0.5,video_25,87.81385789473686,55.243399999999994,68.5894,19.457817097102474,True
Softmax tau=0.5,video_26,75.70393684210526,38.4372,54.104200000000006,28.957086510843904,True
Softmax tau=0.5,video_27,97.05658421052634,83.59960000000001,96.0634,12.974556386719595,True
Softmax tau=0.5,video_28,51.05209473684211,40.035199999999996,42.8354,6.537116497102873,True
Softmax tau=0.5,video_29,43.24257894736842,28.185999999999996,30.8294,8.57428298961382,True
Softmax tau=0.5,video_30,93.09467368421052,73.2662,84.8108,13.61218146745462,True
Softmax tau=0.5,video_31,63.08194210526315,28.2254,36.5518,22.779726306228422,True
Softmax tau=0.5,video_32,45.220000000000006,19.043200000000002,23.3642,18.494106367861935,True
Softmax tau=0.5,video_33,79.9807894736842,50.07000000000001,57.2546,12.548511385984698,True
Softmax tau=0.5,video_34,77.89429999999999,57.41180000000001,69.1258,16.945915996632216,True
Softmax tau=0.5,video_35,68.35777368421051,45.97580000000001,56.1222,18.079120205551444,True
Softmax tau=0.5,video_36,65.38586315789475,47.7804,52.7466,9.415204013149664,True
Softmax tau=0.5,video_37,75.26892631578949,52.025999999999996,63.251,17.74675499201594,True
Softmax tau=0.5,video_38,77.35286842105265,42.118,54.605000000000004,22.867869242743343,True
Softmax tau=0.5,video_39,49.056773684210526,23.038,27.647399999999998,16.672092131629004,True
Softmax tau=0.5,video_40,65.67730526315789,22.852399999999996,25.778,11.349212506788746,True
Softmax tau=0.5,video_41,67.9513105263158,35.205999999999996,46.522000000000006,24.32397575340701,True
Softmax tau=0.5,video_42,52.63404210526316,26.469000000000005,29.627,10.659196003645302,True
Softmax tau=0.5,video_43,57.85155263157894,19.373399999999997,20.704,6.426777434312229,True
Softmax tau=0.5,video_44,55.0101947368421,27.4266,31.5668,13.115678497662099,True
Softmax tau=0.5,video_45,71.7602052631579,39.183600000000006,48.5012,19.21107106628288,True
Softmax tau=0.5,video_46,73.48676842105263,17.6262,16.1478,-9.15542674543901,False
Softmax tau=0.5,video_47,51.32592105263158,25.1606,29.9634,16.028888577397762,True
Softmax tau=0.5,video_48,61.913305263157895,32.2796,35.9476,10.203741000790037,True
Softmax tau=0.5,video_49,48.39077894736842,26.348000000000003,33.70980000000001,21.838753122237463,True
Softmax tau=0.5,video_50,75.11835789473685,66.2434,76.6386,13.563922096698011,True
Softmax tau=0.2,video_01,102.74181578947368,38.2048,44.5112,14.168119484534236,True
Softmax tau=0.2,video_02,95.54293157894736,54.3374,67.68440000000001,19.71946268268612,True
Softmax tau=0.2,video_03,87.75108947368422,51.745400000000004,66.8484,22.592911722644065,True
Softmax tau=0.2,video_04,108.16710000000002,68.42060000000001,82.91159999999999,17.477650895652705,True
Softmax tau=0.2,video_05,125.07473684210527,59.14880000000001,76.86179999999999,23.045257852405204,True
Softmax tau=0.2,video_06,129.2513736842105,79.88500000000002,102.22800000000001,21.856047266893597,True
Softmax tau=0.2,video_07,108.30436842105264,62.2466,83.6148,25.555523663274922,True
Softmax tau=0.2,video_08,119.49730526315788,43.47760000000001,53.6456,18.954024188377037,True
Softmax tau=0.2,video_09,130.0202789473684,42.4726,44.6888,4.959184404146007,True
Softmax tau=0.2,video_10,99.82064736842106,58.882799999999996,71.0014,17.068114149861845,True
Softmax tau=0.2,video_11,80.35091578947367,36.8848,49.209199999999996,25.044910301325764,True
Softmax tau=0.2,video_12,131.41620526315788,63.7778,84.51559999999999,24.537245194969916,True
Softmax tau=0.2,video_13,98.91014210526316,78.19579999999999,93.95679999999999,16.77473051444919,True
Softmax tau=0.2,video_14,132.85652631578947,75.1566,98.3542,23.58577467967815,True
Softmax tau=0.2,video_15,116.95907368421054,71.65299999999999,80.7406,11.255304023007024,True
Softmax tau=0.2,video_16,111.0744,59.2362,77.00659999999999,23.07646357584934,True
Softmax tau=0.2,video_17,125.5780894736842,54.9308,74.9262,26.68679313778091,True
Softmax tau=0.2,video_18,96.83635789473686,40.3942,52.89639999999999,23.63525684167542,True
Softmax tau=0.2,video_19,116.27040000000002,40.782399999999996,48.610600000000005,16.103895035239244,True
Softmax tau=0.2,video_20,104.8414947368421,79.2158,89.58680000000001,11.576482249617138,True
Softmax tau=0.2,video_21,142.6782,63.89419999999999,84.15520000000001,24.075755271213204,True
Softmax tau=0.2,video_22,107.19120526315788,66.175,83.3732,20.627971578396895,True
Softmax tau=0.2,video_23,124.39147368421054,69.0526,92.7996,25.589549954956702,True
Softmax tau=0.2,video_24,116.46313157894738,44.2722,56.5006,21.64295600400704,True
Softmax tau=0.2,video_25,141.67711052631577,92.5228,120.06979999999999,22.94248845255009,True
Softmax tau=0.2,video_26,116.77633157894738,56.597,80.328,29.54262523653023,True
Softmax tau=0.2,video_27,150.39407894736843,129.086,151.17860000000002,14.613576260132055,True
Softmax tau=0.2,video_28,89.59495263157893,68.62199999999999,75.1146,8.643592590521697,True
Softmax tau=0.2,video_29,75.7655,54.2476,61.11600000000001,11.238300935925139,True
Softmax tau=0.2,video_30,148.5956052631579,118.64679999999998,137.7884,13.892025743821696,True
Softmax tau=0.2,video_31,99.81177894736841,47.418600000000005,62.2716,23.851964619505512,True
Softmax tau=0.2,video_32,75.28425263157895,31.5574,41.2018,23.407715196908867,True
Softmax tau=0.2,video_33,126.95494736842105,78.7862,91.59080000000002,13.980225088109309,True
Softmax tau=0.2,video_34,127.13843684210526,87.23039999999999,107.37780000000001,18.76309628247181,True
Softmax tau=0.2,video_35,109.43794210526318,75.3198,94.844,20.58559318459786,True
Softmax tau=0.2,video_36,97.14429999999999,69.5582,76.886,9.530733813698198,True
Softmax tau=0.2,video_37,122.77926315789472,76.83500000000001,97.8038,21.439657763808757,True
Softmax tau=0.2,video_38,126.27093157894737,70.1404,93.17840000000001,24.72461428829,True
Softmax tau=0.2,video_39,85.11344736842106,38.53620000000001,48.4012,20.381726072907274,True
Softmax tau=0.2,video_40,108.36636315789475,43.1852,50.3524,14.2340782167285,True
Softmax tau=0.2,video_41,110.52052105263161,52.748000000000005,72.0016,26.740516877402715,True
Softmax tau=0.2,video_42,86.52437368421053,42.1082,50.29279999999999,16.273900041357802,True
Softmax tau=0.2,video_43,96.03804210526317,35.5416,41.3168,13.977849204197803,True
Softmax tau=0.2,video_44,88.79553157894738,45.126,52.6712,14.325096067680253,True
Softmax tau=0.2,video_45,115.64138947368421,61.967,79.5492,22.10229644044189,True
Softmax tau=0.2,video_46,115.36169999999998,29.4244,30.456,3.387181507748887,True
Softmax tau=0.2,video_47,84.41393157894737,43.2012,53.9292,19.89274826995394,True
Softmax tau=0.2,video_48,98.02063157894736,48.3686,52.9704,8.687493392536204,True
Softmax tau=0.2,video_49,83.394,44.376,58.3806,23.988448217387287,True
Softmax tau=0.2,video_50,122.89536315789474,113.83139999999999,132.1666,13.872793882872074,True
z-score exp tau=1.0,video_01,11.84653684210526,3.6096000000000004,3.6584000000000003,1.3339164662147374,True
z-score exp tau=1.0,video_02,9.0152,4.761799999999999,4.9524,3.8486390436960014,True
z-score exp tau=1.0,video_03,8.964736842105262,5.605200000000001,5.8416,4.04683648315528,True
z-score exp tau=1.0,video_04,11.48408947368421,6.9982,7.0535999999999985,0.7854145400929851,True
z-score exp tau=1.0,video_05,12.306042105263158,5.370399999999999,5.805400000000001,7.493023736521193,True
z-score exp tau=1.0,video_06,10.551363157894738,8.4596,9.0058,6.064980345999252,True
z-score exp tau=1.0,video_07,12.230078947368423,9.216800000000001,9.9198,7.086836428153787,True
z-score exp tau=1.0,video_08,13.659531578947368,4.8376,5.009600000000001,3.433407856914735,True
z-score exp tau=1.0,video_09,13.8695,3.5195999999999996,3.5064,-0.3764544832306478,False
z-score exp tau=1.0,video_10,10.708721052631581,5.501199999999999,5.713800000000001,3.7208162693829303,True
z-score exp tau=1.0,video_11,7.462378947368421,3.088,3.2396000000000003,4.679590072848505,True
z-score exp tau=1.0,video_12,13.018478947368424,6.1944,6.7356,8.034918938179226,True
z-score exp tau=1.0,video_13,11.39702105263158,10.126000000000001,10.7118,5.4687354132825385,True
z-score exp tau=1.0,video_14,15.115063157894737,11.060599999999999,12.0306,8.06277326151647,True
z-score exp tau=1.0,video_15,13.15165789473684,9.662600000000001,10.052,3.873855949064847,True
z-score exp tau=1.0,video_16,11.463336842105264,6.300800000000001,6.6624,5.427473583093168,True
z-score exp tau=1.0,video_17,11.608263157894735,7.3314,7.824800000000001,6.305592475207038,True
z-score exp tau=1.0,video_18,10.218394736842106,5.215000000000001,5.499,5.164575377341316,True
z-score exp tau=1.0,video_19,14.379589473684213,4.409599999999999,4.522,2.4856258292791007,True
z-score exp tau=1.0,video_20,11.529157894736842,9.874599999999997,10.257000000000001,3.728185629326353,True
z-score exp tau=1.0,video_21,13.354268421052632,6.867399999999999,7.3006,5.933758869134059,True
z-score exp tau=1.0,video_22,10.087252631578947,6.191,6.5376,5.301639745472351,True
z-score exp tau=1.0,video_23,10.6726,6.6861999999999995,7.038000000000001,4.99857914180167,True
z-score exp tau=1.0,video_24,9.248778947368422,3.9037999999999995,4.0434,3.452539941633294,True
z-score exp tau=1.0,video_25,14.84832105263158,6.984399999999999,7.2288,3.380920761398858,True
z-score exp tau=1.0,video_26,15.32046842105263,8.854,9.7926,9.584788513775718,True
z-score exp tau=1.0,video_27,18.551715789473683,16.7944,17.596799999999998,4.559919985451893,True
z-score exp tau=1.0,video_28,6.937057894736842,6.3804,6.582799999999999,3.0746794677036986,True
z-score exp tau=1.0,video_29,6.114773684210526,2.9821999999999997,2.9366,-1.552816181979155,False
z-score exp tau=1.0,video_30,16.635678947368422,12.478800000000001,13.324000000000002,6.3434404082858,True
z-score exp tau=1.0,video_31,10.953352631578946,4.4074,4.668200000000001,5.586735786812916,True
z-score exp tau=1.0,video_32,7.64227894736842,3.0845999999999996,3.2766000000000006,5.8597326496978885,True
z-score exp tau=1.0,video_33,13.682773684210526,8.9346,9.4322,5.275545471894152,True
z-score exp tau=1.0,video_34,12.64047894736842,11.687000000000001,12.3642,5.477103249704785,True
z-score exp tau=1.0,video_35,12.391289473684212,7.9670000000000005,8.4982,6.250735449859971,True
z-score exp tau=1.0,video_36,14.493989473684211,12.484599999999999,13.092000000000002,4.639474488237119,True
z-score exp tau=1.0,video_37,11.716426315789475,10.583400000000001,11.070200000000002,4.397391194377703,True
z-score exp tau=1.0,video_38,12.818021052631579,6.954599999999999,7.275000000000001,4.404123711340234,True
z-score exp tau=1.0,video_39,8.006173684210527,4.4376,4.754,6.655448043752625,True
z-score exp tau=1.0,video_40,10.40208947368421,2.726,2.7573999999999996,1.138753898600118,True
z-score exp tau=1.0,video_41,11.187726315789476,6.7726,7.2246,6.256401738504554,True
z-score exp tau=1.0,video_42,8.761615789473684,4.4054,4.4201999999999995,0.33482647843987284,True
z-score exp tau=1.0,video_43,9.904210526315788,2.6399999999999997,2.4584,-7.386918320859076,False
z-score exp tau=1.0,video_44,9.533405263157894,4.7148,4.9646,5.0316238971921114,True
z-score exp tau=1.0,video_45,12.48384210526316,6.051200000000001,6.3957999999999995,5.387910816473295,True
z-score exp tau=1.0,video_46,12.824747368421052,2.5452000000000004,2.3078,-10.286853280180281,False
z-score exp tau=1.0,video_47,8.566557894736842,3.3204000000000002,3.3378,0.5213014560488902,True
z-score exp tau=1.0,video_48,10.600636842105263,6.0458,6.313599999999999,4.241637100861623,True
z-score exp tau=1.0,video_49,6.706489473684211,3.1098000000000003,3.3040000000000007,5.87772397094432,True
z-score exp tau=1.0,video_50,12.029131578947368,9.818999999999999,10.243200000000002,4.141283973758225,True
z-score exp tau=0.5,video_01,47.13036842105264,15.725400000000002,16.387,4.037346677244146,True
z-score exp tau=0.5,video_02,40.83503684210526,23.047199999999997,27.4384,16.003848620910855,True
z-score exp tau=0.5,video_03,37.210242105263156,22.8114,26.9318,15.299385856125474,True
z-score exp tau=0.5,video_04,48.2731947368421,29.725599999999996,34.011,12.600041163153115,True
z-score exp tau=0.5,video_05,54.58267368421052,24.679,30.586400000000005,19.313812674914356,True
z-score exp tau=0.5,video_06,51.53066315789474,36.5348,44.4572,17.820285578039112,True
z-score exp tau=0.5,video_07,48.22555263157896,30.9518,37.882799999999996,18.29590209804977,True
z-score exp tau=0.5,video_08,54.73066315789474,19.8654,23.081,13.93180538104934,True
z-score exp tau=0.5,video_09,57.54717894736842,17.1466,17.2988,0.8798298147848438,True
z-score exp tau=0.5,video_10,44.44668947368421,24.8768,28.356,12.269713640852032,True
z-score exp tau=0.5,video_11,32.62891052631579,12.6128,14.8244,14.918647634980173,True
z-score exp tau=0.5,video_12,55.00812631578948,25.8262,31.849200000000003,18.910993054770614,True
z-score exp tau=0.5,video_13,44.92206315789474,37.85,43.411199999999994,12.810518944419856,True
z-score exp tau=0.5,video_14,60.67814210526316,37.3572,45.754999999999995,18.35384111026117,True
z-score exp tau=0.5,video_15,52.018926315789464,34.6914,38.4144,9.691678120704733,True
z-score exp tau=0.5,video_16,47.43721052631579,25.6894,30.945000000000004,16.983680723864936,True
z-score exp tau=0.5,video_17,52.69971052631579,26.353199999999998,32.5964,19.15303530451217,True
z-score exp tau=0.5,video_18,42.863789473684214,18.6008,22.6772,17.97576420369358,True
z-score exp tau=0.5,video_19,54.108668421052634,17.3672,18.8074,7.657624126673548,True
z-score exp tau=0.5,video_20,45.783963157894725,37.7386,41.806200000000004,9.729657323554893,True
z-score exp tau=0.5,video_21,60.5193947368421,28.989800000000002,35.142199999999995,17.507156637888333,True
z-score exp tau=0.5,video_22,44.798978947368425,27.937800000000003,32.9174,15.127561715080772,True
z-score exp tau=0.5,video_23,51.877621052631575,29.6358,36.9022,19.690966934220725,True
z-score exp tau=0.5,video_24,47.63183157894736,17.762,20.2572,12.31759571905298,True
z-score exp tau=0.5,video_25,61.6821,36.596,44.1208,17.054994469728577,True
z-score exp tau=0.5,video_26,55.23792105263157,29.053800000000006,39.7248,26.8623127114548,True
z-score exp tau=0.5,video_27,70.60603684210525,61.9894,69.83619999999999,11.236006541020256,True
z-score exp tau=0.5,video_28,33.73318947368421,26.600600000000004,28.420799999999996,6.404464335979258,True
z-score exp tau=0.5,video_29,28.51366315789474,17.6744,18.688200000000002,5.424813518690956,True
z-score exp tau=0.5,video_30,66.45585789473685,52.0952,59.123000000000005,11.886744583326296,True
z-score exp tau=0.5,video_31,45.01957368421052,19.5912,24.392599999999998,19.683838541196913,True
z-score exp tau=0.5,video_32,31.34987894736842,13.0806,15.455000000000002,15.363312843739898,True
z-score exp tau=0.5,video_33,57.197605263157904,35.554,40.4454,12.093835145653147,True
z-score exp tau=0.5,video_34,53.69465789473684,41.1744,48.78340000000001,15.597518828125978,True
z-score exp tau=0.5,video_35,49.06727368421052,32.3902,39.1822,17.33440184573608,True
z-score exp tau=0.5,video_36,48.90994736842105,36.5866,40.001599999999996,8.53715851365945,True
z-score exp tau=0.5,video_37,52.33753157894736,38.504599999999996,45.373,15.137636920635625,True
z-score exp tau=0.5,video_38,54.10301052631579,29.650599999999997,36.6288,19.051129166120653,True
z-score exp tau=0.5,video_39,34.187647368421054,16.223599999999998,19.026400000000002,14.731110457049176,True
z-score exp tau=0.5,video_40,45.274773684210516,14.4744,15.8904,8.911040628303883,True
z-score exp tau=0.5,video_41,47.32718421052631,25.3426,32.26559999999999,21.45628781116729,True
z-score exp tau=0.5,video_42,36.40437894736842,18.6592,20.2338,7.782028091609092,True
z-score exp tau=0.5,video_43,40.642715789473684,12.727800000000002,12.9652,1.8310554407182102,True
z-score exp tau=0.5,video_44,39.08430526315789,19.168,21.819200000000002,12.150766297572792,True
z-score exp tau=0.5,video_45,50.727457894736844,26.8902,32.248000000000005,16.614363681468628,True
z-score exp tau=0.5,video_46,52.498115789473694,12.2544,10.8274,-13.179526017326408,False
z-score exp tau=0.5,video_47,35.88075263157895,17.05,19.9254,14.43082698465275,True
z-score exp tau=0.5,video_48,43.88483684210526,23.715399999999995,26.440999999999995,10.308233425362129,True
z-score exp tau=0.5,video_49,32.25946842105264,17.6124,21.6298,18.573449592691556,True
z-score exp tau=0.5,video_50,53.595631578947376,47.6238,54.102,11.974049018520562,True
